publisher,journal,article name,doi,recognized_materials
ACS,ACS Agricultural Science & Technology,Designing Starch–Alginate Hydrogels for Controlled Delivery of Fungicide for the Alleviation of Environmental Pollution,https://doi.org/10.1021/acsagscitech.2c00213,alginate; polyacrylamide; starch
ACS,ACS Agricultural Science & Technology,Effects of Carboxymethyl Cellulose/Nano-Calcium Carbonate Hydrogel Amendment of Loamy Sand Soil for Maize Growth,https://doi.org/10.1021/acsagscitech.2c00185,carboxymethyl cellulose; cellulose (generic)
ACS,ACS Agricultural Science & Technology,Enhancement of Cashew (Anacardium occidentale L.) Seedlings Growth in Semiarid Regions Using a Superabsorbent Hydrogel Composite,https://doi.org/10.1021/acsagscitech.4c00226,polyacrylic acid / polyacrylate; cashew gum; superabsorbent polymer (SAP); starch
ACS,ACS Agricultural Science & Technology,Renewable Source Hydrogel as a Substrate of Controlled Release of NPK Fertilizers for Sustainable Management of Eucalyptus urograndis: Field Study,https://doi.org/10.1021/acsagscitech.2c00215,polyacrylic acid / polyacrylate
ACS,ACS Agricultural Science & Technology,Synthesis of Nanocomposite Hydrogels for Improved Water Retention in Horticultural Soil,https://doi.org/10.1021/acsagscitech.2c00187,polyacrylic acid / polyacrylate; superabsorbent polymer (SAP)
ACS,ACS Applied Bio Materials,Engineering Rapeseed Germination and Root Growth with Mechanical Strength of Polysaccharide Hydrogel,https://doi.org/10.1021/acsabm.4c00416,gellan gum; agar; carrageenan
ACS,ACS Applied Materials & Interfaces,Development of Eco-Friendly Hydrogels Loaded with Stoichiometric and Calcium-Deficient Hydroxyapatites for Sustainable Agriculture,https://doi.org/10.1021/acsami.6c03612,alginate
ACS,ACS Applied Polymer Materials,Biodegradable CMC/ZnO/Ni Cross-Linked Hydrogel Beads for Enhanced Plant Growth and Increased Soil Urease Activity,https://doi.org/10.1021/acsapm.4c02498,carboxymethyl cellulose; cellulose (generic)
ACS,ACS Applied Polymer Materials,Enhancing Plant Growth of Vigna radiata Using Biodegradable Superabsorbent Carboxymethylcellulose Nanohydrogel Enriched with Carbon Dots under Water-Stressed Conditions,https://doi.org/10.1021/acsapm.4c00241,carboxymethyl cellulose; superabsorbent polymer (SAP)
ACS,ACS Applied Polymer Materials,Preparation of Cellulose Hydrogels and Hydrogel Nanocomposites Reinforced by Crystalline Cellulose Nanofibers (CNFs) as a Water Reservoir for Agriculture Use,https://doi.org/10.1021/acsapm.3c00109,carboxymethyl cellulose; cellulose nanofiber; hydroxyethyl cellulose; cellulose (generic)
ACS,ACS Applied Polymer Materials,Seed Coatings with Melatonin-Embedded Hydrogel Biopolymers as Green Tools to Mitigate Salinity Stress in Tomato Plants,https://doi.org/10.1021/acsapm.5c01261,alginate
ACS,ACS Materials Letters,Dual Functional Biodegradable Carboxymethylcellulose–Zinc–Cobalt Cross-Linked Hydrogel Beads with Inherent Biocidal Property for Multinutrient Fertilization: An Experimental Study with Theoretical Insights,https://doi.org/10.1021/acsmaterialslett.5c01599,carboxymethyl cellulose
ACS,ACS Materials Letters,"Eco-Friendly Chitosan Carboxymethyl Cellulose Composite for Enhanced Delivery of Nitrogen, Phosphorus, and Potassium in Sustainable Agricultural Systems",https://doi.org/10.1021/acsmaterialslett.6c00100,carboxymethyl cellulose; chitosan; cellulose (generic)
ACS,ACS Omega,Environmentally Friendly Carboxymethyl Cellulose Hydrogels Derived from Waste Paper and Sawdust as a Urea Release Agent,https://doi.org/10.1021/acsomega.4c09928,carboxymethyl cellulose; cellulose (generic)
ACS,ACS Omega,Novel Polysaccharide Hydrogels Enriched with Humic Acid for Sustainable Agricultural Applications,https://doi.org/10.1021/acsomega.5c09496,gellan gum; polyacrylic acid / polyacrylate; gum tragacanth / karaya
ACS,ACS Omega,Physically and Chemically Cross-Linked Poly(vinyl alcohol)/Humic Acid Hydrogels for Agricultural Applications,https://doi.org/10.1021/acsomega.3c05868,polyvinyl alcohol
ACS,ACS Omega,Rapid Accessible Fabrication and Engineering of Bilayered Hydrogels: Revisiting the Cross-Linking Effect on Superabsorbent Poly(acrylic acid),https://doi.org/10.1021/acsomega.8b00079,polyacrylic acid / polyacrylate; superabsorbent polymer (SAP)
ACS,ACS Omega,Synthesis of a Dual-Functional Nanofertilizer by Embedding ZnO and CuO Nanoparticles on an Alginate-Based Hydrogel,https://doi.org/10.1021/acsomega.1c03271,alginate
ACS,ACS Sustainable Chemistry & Engineering,Germination-Inspired Enzymatic Degradation of Guar Galactomannan and Its Synergistic Skincare Effects with Aloe Polysaccharides,https://doi.org/10.1021/acssuschemeng.5c08222,polyvinyl alcohol; guar gum
ACS,ACS Sustainable Chemistry & Engineering,Super Hygroscopic Sodium Alginate/Cellulose-Based Hydrogel Beads for Atmospheric Water Harvesting and Slope Soil Phytoremediation,https://doi.org/10.1021/acssuschemeng.5c02351,alginate; carboxymethyl cellulose; poly(N-isopropylacrylamide); cellulose (generic)
ACS,ACS Sustainable Chemistry & Engineering,Thermochromic Janus Membranes with Dynamic Solar Modulation toward Sustainable and High-Efficiency Solar-to-Thermal Intelligent Management,https://doi.org/10.1021/acssuschemeng.4c01003,alginate
ACS,Biomacromolecules,Dual Antifreeze and Sustained Release Cellulose Nanocrystal-Humic Acid Nanocomposite Hydrogel for Soilless Cultivation,https://doi.org/10.1021/acs.biomac.5c02444,cellulose nanocrystal; cellulose (generic)
ACS,Chem & Bio Engineering,Polymer Network Architecture of Single Network and Semi-Interpenetrating Network Hydrogels Modulates Water Retention and Degradation in Soil Conditioning Applications,https://doi.org/10.1021/cbe.5c00029,gelatin; chitosan
ACS,Journal of Agricultural and Food Chemistry,Cellulose Anionic Hydrogels Based on Cellulose Nanofibers As Natural Stimulants for Seed Germination and Seedling Growth,https://doi.org/10.1021/acs.jafc.6b05815,cellulose nanofiber; cellulose (generic)
ACS,Journal of Agricultural and Food Chemistry,"Dual-Action Pesticide Carrier That Continuously Induces Plant Resistance, Enhances Plant Anti-Tobacco Mosaic Virus Activity, and Promotes Plant Growth",https://doi.org/10.1021/acs.jafc.9b03484,alginate
ACS,Journal of Agricultural and Food Chemistry,Innovative Dual-Network Architecture of Carboxymethyl Cellulose-Gelatin/MIL-101(Fe) Carrier: A Vital Step toward Precision Trifluralin Delivery and Sustainable Crop Protection,https://doi.org/10.1021/acs.jafc.5c09015,carboxymethyl cellulose; gelatin; cellulose (generic)
ACS,Langmuir,Agro-Waste Valorization into Carbonaceous Eco-Hydrogel: A Circular Economy and Zero Waste Tactic for Doxorubicin Removal in Water/Wastewater,https://doi.org/10.1021/acs.langmuir.3c02256,alginate; gelatin
ACS,Langmuir,Intelligent Microsphere Soil Conditioner Based on Aminated Lignosulfonate and Thermoresponsive Polymer,https://doi.org/10.1021/acs.langmuir.5c04647,lignosulfonate
Elsevier,Agriculture and Agricultural Science Procedia,Biodegradable Superabsorbent Hydrogel IncreasesWater Retention Properties of Growing Media and Plant Growth,https://doi.org/10.1016/j.aaspro.2015.03.052,polyacrylic acid / polyacrylate; superabsorbent polymer (SAP); cellulose (generic)
Elsevier,Biomass and Bioenergy,Synthesis of a calcium alginate hydrogel-modified phosphorus-enriched Douglas fir biochar controlled-release fertilizer,https://doi.org/10.1016/j.biombioe.2026.109564,alginate
Elsevier,Biotechnology Reports,Formulating bacterial endophyte: Pre-conditioning of cells and the encapsulation in amidated pectin beads,https://doi.org/10.1016/j.btre.2020.e00463,pectin
Elsevier,Carbohydrate Polymer Technologies and Applications,"Development of polyvinyl alcohol, carboxymethyl cellulose, humic acid ternary polymer-based hydrogel fertilizer to enhance cabbage growth, yield, and nutritional quality",https://doi.org/10.1016/j.carpta.2026.101111,carboxymethyl cellulose; polyvinyl alcohol; cellulose (generic)
Elsevier,Carbohydrate Polymer Technologies and Applications,"Enhancement of the physiological activity, yield and antioxidant content of tomato using slow-release urea fertilizer based on PVA/PE/HA/CA hydrogel",https://doi.org/10.1016/j.carpta.2026.101178,pectin; polyvinyl alcohol
Elsevier,Case Studies in Chemical and Environmental Engineering,Double-xerogel network composite zeolite granules targeting dual-functional fertilizers,https://doi.org/10.1016/j.cscee.2025.101253,alginate; gelatin
Elsevier,Case Studies in Chemical and Environmental Engineering,Effects of sodium alginate-poly(acrylic acid) cross-linked hydrogel beads on soil conditioner in the absence and presence of phosphate and carbonate ions,https://doi.org/10.1016/j.cscee.2024.100642,alginate; polyacrylic acid / polyacrylate
Elsevier,Electronic Journal of Biotechnology,Metal hyperaccumulation in plants - Biodiversity prospecting for phytoremediation technology,https://doi.org/10.2225/vol6-issue3-fulltext-6,polyacrylic acid / polyacrylate
Elsevier,Giant,"Hydrogel Nanocomposite Based Slow-Release Urea Fertilizer: Formulation, Structure, and Release Behavior",https://doi.org/10.1016/j.giant.2024.100270,polyacrylic acid / polyacrylate; cellulose nanofiber; cellulose (generic)
Elsevier,Industrial Crops and Products,"A biochar-based coated urea for enhanced nitrogen utilization in wheat farming: Field performance, soil microbial response and life cycle assessment",https://doi.org/10.1016/j.indcrop.2026.123143,alginate; polyvinyl alcohol
Elsevier,Industrial Crops and Products,Enhancing beneficial microbe viability and tobacco black shank disease control via sodium alginate–polyethylene glycol–glycerol hydrogel seed coating,https://doi.org/10.1016/j.indcrop.2025.122308,alginate; polyethylene glycol / oxide
Elsevier,Industrial Crops and Products,Multifunctional cysteine-rich hyaluronic acid-based hydrogel for efficient Cd²⁺ and Cu²⁺ removal and sorghum growth promotion via synergistic mechanisms,https://doi.org/10.1016/j.indcrop.2026.122975,hyaluronic acid
Elsevier,Industrial Crops and Products,"Synthesis and characterization of κ-carrageenan and guar gum-based hydrogels for controlled release fertilizers: Optimization, release kinetics, and agricultural impact",https://doi.org/10.1016/j.indcrop.2025.120587,guar gum; carrageenan
Elsevier,Industrial Crops and Products,The effects of two new types of composite hydrogels on soil properties and tobacco growth,https://doi.org/10.1016/j.indcrop.2026.123612,polyacrylic acid / polyacrylate; polyvinyl alcohol
Elsevier,International Journal of Biological Macromolecules,Eco-friendly alginate-urea-fluroxypyr hydrogel for sustainable agriculture: A comprehensive approach to integrated fertilizer delivery and weed control,https://doi.org/10.1016/j.ijbiomac.2025.143257,alginate
Elsevier,International Journal of Biological Macromolecules,Sustainable hybrid alginate-based hydrogels for dual controlled release of micronutrients and plant growth-promoting bacteria in soil,https://doi.org/10.1016/j.ijbiomac.2026.151216,alginate
Elsevier,Journal of Agriculture and Food Research,Advances and technological applications of alginate hydrogels and derived formulations in agriculture: A review,https://doi.org/10.1016/j.jafr.2026.103029,alginate
Elsevier,Journal of Agriculture and Food Research,Agronomic evaluation of hydrogels containing antimicrobial agents applied on Lactuca sativa L. seeds and plantlets,https://doi.org/10.1016/j.jafr.2025.102496,alginate; carboxymethyl cellulose; cellulose (generic)
Elsevier,Journal of Agriculture and Food Research,"Biochar-phytagel hydrogel enhances growth, nutrient uptake, and drought resilience of lettuce microgreens",https://doi.org/10.1016/j.jafr.2025.102573,gellan gum
Elsevier,Journal of Bioresources and Bioproducts,Hydrochar-embedded carboxymethyl cellulose-g-poly(acrylic acid) hydrogel as stable soil water retention and nutrient release agent for plant growth,https://doi.org/10.1016/j.jobab.2022.03.003,carboxymethyl cellulose; polyacrylic acid / polyacrylate; cellulose (generic)
Elsevier,Journal of environmental chemical engineering,Chitosan-alginate hybrid hydrogels: Prospects for sustainable horticulture,https://doi.org/10.1016/j.jece.2026.122491,alginate; gelatin; chitosan; superabsorbent polymer (SAP)
Elsevier,Journal of environmental chemical engineering,Enhancing soil water retention and plant growth with thermal crosslinked silk sericin-based hydrogel,https://doi.org/10.1016/j.jece.2024.112260,carboxymethyl cellulose; polyvinyl alcohol; silk sericin
Elsevier,Journal of environmental chemical engineering,Phosphate recovery from wastewater by cellulose-based adsorbent derived from agricultural waste and its reuse as a slow-release fertilizer,https://doi.org/10.1016/j.jece.2025.116716,carboxymethyl cellulose; cellulose nanofiber; cellulose (generic)
Elsevier,Journal of Industrial and Engineering Chemistry,Silk sericin-based emulsion gel as a novel coating material for controlled-release NPK fertilizer,https://doi.org/10.1016/j.jiec.2025.10.020,polyvinyl alcohol; silk sericin
Elsevier,Next Materials,"Active nanocomposite film for sustainable packaging: A study on sodium alginate, polyvinyl alcohol, honey, and zinc oxide nanoparticles",https://doi.org/10.1016/j.nxmate.2025.101216,alginate; polyvinyl alcohol
Elsevier,Next Sustainability,Bacterial alginate composite hydrogels for enhanced water retention and drought stress mitigation in Trigonella foenum-graecum,https://doi.org/10.1016/j.nxsust.2026.100331,alginate
Elsevier,Phytomedicine Plus,Anti-MRSA potential of biogenic silver nanoparticles synthesized from hydroponically grown Foeniculum vulgare,https://doi.org/10.1016/j.phyplu.2023.100415,polyvinylpyrrolidone; cellulose (generic)
Elsevier,Procedia Engineering,Effect of Different Monomers on Water Retention Properties of Slow Release Fertilizer Hydrogel,https://doi.org/10.1016/j.proeng.2016.06.573,polyacrylic acid / polyacrylate; polyacrylamide
Elsevier,Sustainable Chemistry for Climate Action,Inducing surface secondary gradient cross-linking coupled with doping starch carbamate derivatives for improving the property of the acrylamide hydrogel-based slow-release fertilizer,https://doi.org/10.1016/j.scca.2026.100224,alginate; starch
Elsevier,Water Research,"Phosphate removal, recovery, and upcycling by wollastonite and calcium phosphate mineral–hydrogel composites",https://doi.org/10.1016/j.watres.2026.126006,alginate
Frontiers,Frontiers in Environmental Science,"Phosphorous remediation using alginate/glomalin biobeads: Examining structural cohesivity, nutrient retention, and reapplication viability",https://doi.org/10.3389/fenvs.2022.889940,alginate
MDPI,Agriculture,Influence of Biochar-Reinforced Hydrogel Composites on Growth and Biochemical Parameters of Bean Plants and Soil Microbial Activities under Different Moisture Conditions,https://doi.org/10.3390/agriculture14081405,alginate; polyvinyl alcohol
MDPI,Agriculture,Synthetic Hydrogel Dilutes Serratia plymuthica Growth— Promoting Effect on Brassica napus L. Under Drought Conditions,https://doi.org/10.3390/agriculture15020142,polyacrylic acid / polyacrylate
MDPI,Agronomy,Chitosan-PVA and Copper Nanoparticles Improve Growth and Overexpress the SOD and JA Genes in Tomato Plants under Salt Stress,https://doi.org/10.3390/agronomy8090175,polyvinyl alcohol; chitosan
MDPI,Biomolecules,Development of Biodegradable Agar-Agar/Gelatin-Based Superabsorbent Hydrogel as an Efficient Moisture-Retaining Agent,https://doi.org/10.3390/biom10060939,polyacrylic acid / polyacrylate; agar; gelatin; superabsorbent polymer (SAP)
MDPI,Fibers,Aloe vera Rind Valorization to Improve the Swelling Capacity of Commercial Acrylic Hydrogels,https://doi.org/10.3390/fib10090073,cellulose nanofiber; superabsorbent polymer (SAP); cellulose (generic)
MDPI,Gels,A Bio-Based Composite Hydrogel Substrate for Indoor Soilless Dandelion Cultivation: Growth Performance and Polysaccharide Accumulation,https://doi.org/10.3390/gels12030235,gellan gum; pectin; chitosan
MDPI,Gels,Advances in the Application of Nanocomposite Hydrogels in Crops,https://doi.org/10.3390/gels11120957,alginate; polyacrylic acid / polyacrylate; chitosan; polyacrylamide; cellulose (generic)
MDPI,Gels,Agriculture 4.0: Polymer Hydrogels as Delivery Agents of Active Ingredients,https://doi.org/10.3390/gels10060368,alginate; chitosan; starch; cellulose (generic)
MDPI,Gels,Alginate Hydrogel with Pluronic F-68 Enhances Cryopreservation Efficiency in Peach Germplasm,https://doi.org/10.3390/gels11120947,alginate
MDPI,Gels,"CNF/p(AM-co-KAA) Semi-Interpenetrating Network Hydrogel Fertilizer Carriers for Enhanced Nutrient Use Efficiency, Water Retention, and Salt–Alkali Resistance",https://doi.org/10.3390/gels12020157,cellulose nanofiber; cellulose (generic)
MDPI,Gels,Enhancing Soil Resilience: Bacterial Alginate Hydrogel vs. Algal Alginate in Mitigating Agricultural Challenges,https://doi.org/10.3390/gels9120988,alginate
MDPI,Gels,Gelatin–Chitosan–PVA Hydrogels Incorporating Trichoderma and Their Application in the Control of Phytopathogens,https://doi.org/10.3390/gels12020144,polyvinyl alcohol; gelatin; chitosan
MDPI,Gels,Growth of Romaine Lettuce in Eggshell Powder Mixed Alginate Hydrogel in an Aeroponic System for Water Conservation and Vitamin C Biofortification,https://doi.org/10.3390/gels10050322,alginate
MDPI,Gels,"Hydrogel Development, Processing and Applications in Agriculture: A Review",https://doi.org/10.3390/gels12030259,alginate; gelatin; chitosan; superabsorbent polymer (SAP); starch; cellulose (generic)
MDPI,Gels,Impact of Water Conductivity on the Structure and Swelling Dynamics of E-Beam Cross-Linked Hydrogels,https://doi.org/10.3390/gels11080611,alginate; polyacrylic acid / polyacrylate; polyethylene glycol / oxide; superabsorbent polymer (SAP)
MDPI,Gels,"Macroalgal-Derived Alginate Soil Amendments for Water Retention, Nutrient Release Rate Reduction, and Soil pH Control",https://doi.org/10.3390/gels8090548,alginate
MDPI,Gels,Nano-Iron (III) Oxide-Doped Poly (Itaconic Acid-Co-Acrylamide)/Sodium Alginate Hydrogel for Saline–Alkali Soil Amelioration and Wheat Growth,https://doi.org/10.3390/gels12060558,alginate
MDPI,Gels,Polymer Gel Substrate: Synthesis and Application in the Intensive Light Artificial Culture of Agricultural Plants,https://doi.org/10.3390/gels9120937,
MDPI,Gels,Sustainable Date Palm Biomass Hydrogel Improves Soil Hydro-Physical Properties and Tomato Growth Under Arid Conditions,https://doi.org/10.3390/gels12020183,alginate; cellulose (generic)
MDPI,Horticulturae,"Multilayer Silk Sericin-Based Coating for Controlled Release of Water and Nutrients in Soil: Development, Characterization, and Performance Evaluation in Agricultural Production Model",https://doi.org/10.3390/horticulturae10030273,carboxymethyl cellulose; polyvinyl alcohol; silk sericin; cellulose (generic)
MDPI,International Journal of Molecular Sciences,"High-Strength, High-Water-Retention Hemicellulose-Based Hydrogel and Its Application in Urea Slow Release",https://doi.org/10.3390/ijms24119208,alginate
MDPI,International Journal of Molecular Sciences,Sodium Alginate-g-acrylamide/acrylic Acid Hydrogels Obtained by Electron Beam Irradiation for Soil Conditioning,https://doi.org/10.3390/ijms24010104,alginate; polyacrylic acid / polyacrylate
MDPI,International Journal of Molecular Sciences,"Sulfonic Cryogels as Innovative Materials for Biotechnological Applications: Synthesis, Modification, and Biological Activity",https://doi.org/10.3390/ijms24032949,
MDPI,Marine Drugs,Improvement of Alginate Extraction from Brown Seaweed (Laminaria digitata L.) and Valorization of Its Remaining Ethanolic Fraction,https://doi.org/10.3390/md22060280,alginate
MDPI,Materials,Chitosan-Coated Alginate Matrices with Protein-Based Biostimulants: A Controlled-Release System for Sustainable Agriculture,https://doi.org/10.3390/ma18030591,alginate; chitosan
MDPI,Molecules,Implementation of Biopolymeric Nanomaterials to Reduce the Negative Impacts of Salinity on Tomato Quantity and Quality,https://doi.org/10.3390/molecules28041594,pectin; starch; cellulose (generic)
MDPI,Molecules,Super-Transparent Soil for In Situ Observation of Root Phenotypes,https://doi.org/10.3390/molecules29112677,gellan gum; hydroxyethyl cellulose; cellulose (generic)
MDPI,Molecules,Use of Chitosan-PVA Hydrogels with Copper Nanoparticles to Improve the Growth of Grafted Watermelon,https://doi.org/10.3390/molecules22071031,polyvinyl alcohol; chitosan
MDPI,Nanomaterials,Novel Polyvinyl Alcohol (PVA)/Cellulose Nanocrystal (CNC) Supramolecular Composite Hydrogels: Preparation and Application as Soil Conditioners,https://doi.org/10.3390/nano9101397,polyvinyl alcohol; cellulose nanocrystal; cellulose (generic)
MDPI,Polymers,Application of Gellan Hydrogel and Kaz-6 in Wheat Seed Coating for Improved Productivity and Environmental Resilience,https://doi.org/10.3390/polym17101330,gellan gum
MDPI,Polymers,Biopolymer Hydrogel Based on Acid Whey and Cellulose Derivatives for Enhancement Water Retention Capacity of Soil and Slow Release of Fertilizers,https://doi.org/10.3390/polym13193274,carboxymethyl cellulose; hydroxyethyl cellulose; cellulose (generic)
MDPI,Polymers,Hydrogel Alginate Seed Coating as an Innovative Method for Delivering Nutrients at the Early Stages of Plant Growth,https://doi.org/10.3390/polym13234233,alginate
MDPI,Polymers,Low Hysteresis and Fatigue-Resistant Polyvinyl Alcohol/Activated Charcoal Hydrogel Strain Sensor for Long-Term Stable Plant Growth Monitoring,https://doi.org/10.3390/polym15010090,polyvinyl alcohol
MDPI,Polymers,Room-Temperature Synthesis of Pullulan-Based Hydrogels for Controlled Delivery of Microbial Fertilizers,https://doi.org/10.3390/polym17243323,pullulan
MDPI,Polymers,Study on Nutrient Carrier of Mulch Based on Hydrogel @SiO2,https://doi.org/10.3390/polym16101442,polyvinyl alcohol
MDPI,Polymers,Swelling Behaviour of Superabsorbent Polymers for Soil Amendment under Different Loads,https://doi.org/10.3390/polym10030271,polyacrylic acid / polyacrylate; superabsorbent polymer (SAP)
MDPI,Sensors,"A Highly Sensitive, Low Creep Hydrogel Sensor for Plant Growth Monitoring",https://doi.org/10.3390/s24196197,polyvinyl alcohol
MDPI,Sustainability,"Cashew Gum (Anacardium occidentale) Hydrogel for Sustainable Irrigation of Cactus Pear: Effects on Growth, Chemical Composition, and Mineral Content",https://doi.org/10.3390/su17020501,cashew gum; polyacrylamide
MDPI,Water,Innovative Solutions for Drought: Evaluating Hydrogel Application on Onion Cultivation (Allium cepa) in Morocco,https://doi.org/10.3390/w15111972,polyacrylic acid / polyacrylate
PLoS,PLoS ONE,“On-Off” Thermoresponsive Coating Agent Containing Salicylic Acid Applied to Maize Seeds for Chilling Tolerance,https://doi.org/10.1371/journal.pone.0120695,poly(N-isopropylacrylamide)
RSC,Chemical Communications,Controlled release of agrochemicals and heavy metal ion capture dual-functional redox-responsive hydrogel for soil remediation,https://doi.org/10.1039/c8cc07872f,carboxymethyl cellulose; cellulose (generic)
RSC,Molecular Omics,Unraveling the phenotypic and metabolic responses induced by urea-encapsulated hydrogel beads on Brassica juncea (L.) Czern & Coss,https://doi.org/10.1039/d4mo00192c,alginate
RSC,RSC Advances,DOE-based synthesis of gellan gum-acrylic acid-based biodegradable hydrogels: screening of significant process variables and in situ field studies,https://doi.org/10.1039/d1ra08786j,gellan gum; polyacrylic acid / polyacrylate
RSC,RSC Advances,Nanocellulose/wood ash-reinforced starch–chitosan hydrogel composites for soil conditioning and their impact on pea plant growth,https://doi.org/10.1039/d3ra08725e,cellulose nanofiber; chitosan; starch; cellulose (generic)
RSC,RSC Advances,Response surface methodology and optimized synthesis of guar gum-based hydrogels with enhanced swelling capacity,https://doi.org/10.1039/c4ra05300a,guar gum; superabsorbent polymer (SAP)
Springer Nature,Advanced Composites and Hybrid Materials,Multipurpose biosensing electronics enabled by ultrasoft and durable hydrogel via ions pre-incorporation,https://doi.org/10.1007/s42114-025-01422-x,polyvinyl alcohol; polyacrylamide
Springer Nature,Advances in Traditional Medicine,Phyto-synthesis and pharmacological evaluation of AgNPs using hydroponic coriander for MRSA infected wounds,https://doi.org/10.1007/s13596-026-00906-5,polyvinylpyrrolidone; cellulose (generic)
Springer Nature,Biomass Conversion and Biorefinery,Innovative uses of biochar derived from tannery waste as a soil amendment and fertilizer,https://doi.org/10.1007/s13399-022-02805-6,alginate; carboxymethyl cellulose; cellulose (generic)
Springer Nature,Bulletin of Materials Science,Laponite® clay/poly(ethylene oxide) gel beads for delivery of plant growth-promoting rhizobacteria,https://doi.org/10.1007/s12034-021-02383-9,polyethylene glycol / oxide
Springer Nature,Cellulose,Cellulose nanocrystal-graft-polyacrylic acid /polyvinyl alcohol hydrogels: physicochemical properties and swelling behavior,https://doi.org/10.1007/s10570-024-05968-9,polyacrylic acid / polyacrylate; polyvinyl alcohol; cellulose nanocrystal; cellulose (generic)
Springer Nature,Cellulose,Tapioca/sago carboxymethyl starch-based hybrid hydrogel reinforced by oil palm residue-derived carboxymethyl cellulose,https://doi.org/10.1007/s10570-026-07077-1,carboxymethyl cellulose; carboxymethyl starch; polyvinyl alcohol; cellulose nanofiber; starch; cellulose (generic)
Springer Nature,Chemical Papers,Permeation and diffusion of nutrient ions in poly (vinyl alcohol) hydrogel membrane,https://doi.org/10.1007/s11696-020-01210-5,polyvinyl alcohol
Springer Nature,Chemical Papers,Synthesis of rice straw biopolymers based hydrogels and their use as media for growth of monocot (wheat) and dicot (moong bean) plants,https://doi.org/10.1007/s11696-022-02644-9,polyvinyl alcohol; cellulose (generic)
Springer Nature,Emergent Materials,Release characteristic of curcumin (Zingiberaceae) from sodium alginate and polyvinyl alcohol-based hydrogel composite: antioxidant properties,https://doi.org/10.1007/s42247-022-00433-4,alginate; polyvinyl alcohol
Springer Nature,Environmental Chemistry Letters,Applications of nanocomposite hydrogels for biomedical engineering and environmental protection,https://doi.org/10.1007/s10311-017-0671-x,alginate; pectin; gelatin; carrageenan; starch; cellulose (generic)
Springer Nature,International Journal of Plastics Technology,"Synthesis, optimization, characterization and agricultural field evaluation of polymer hydrogel composites based on poly acrylic acid and micro-fiber of oil palm empty fruit bunch",https://doi.org/10.1007/s12588-012-9040-6,polyacrylic acid / polyacrylate
Springer Nature,Journal of Materials Science,Autoclave assisted synthesis of slow-release fertilizer from polymerized chemical grafted nanocellulose fiber,https://doi.org/10.1007/s10853-026-12465-w,polyacrylic acid / polyacrylate; cellulose nanofiber; polyacrylamide; cellulose (generic)
Springer Nature,Journal of Materials Science,Formulation and characterization of polysaccharide beads for controlled release of plant growth regulators,https://doi.org/10.1007/s10853-016-9775-0,alginate; cellulose nanocrystal; starch; cellulose (generic)
Springer Nature,Journal of Polymer Research,Study of the process of polymerization of epichlorohydrin with amino compounds,https://doi.org/10.1007/s10965-025-04669-6,polyacrylic acid / polyacrylate
Springer Nature,Journal of Polymer Research,"Synthesis, swelling and morphological properties of tea waste-based hydrogel as a slow-release NPK fertilizer applied to eggplant seed germination and growth",https://doi.org/10.1007/s10965-025-04720-6,polyacrylic acid / polyacrylate; superabsorbent polymer (SAP)
Springer Nature,Journal of Polymers and the Environment,Adsorption of Ammonium by Graphene Oxide-Based Composites Prepared by UV Irradiation and Using as Slow-Release Fertilizer,https://doi.org/10.1007/s10924-018-1302-8,alginate; polyacrylic acid / polyacrylate
Springer Nature,Journal of Polymers and the Environment,All-Biomass Double Network Gel: Highly Efficient Removal of Pb2+ and Cd2+ in Wastewater and Utilization of Spent Adsorbents,https://doi.org/10.1007/s10924-020-01806-8,alginate
Springer Nature,Journal of Polymers and the Environment,Bentonite-Polymer Seed Encapsulants with Microparticles for Agricultural and Reforestation Using UAVs,https://doi.org/10.1007/s10924-025-03605-5,alginate; carboxymethyl cellulose; cellulose (generic)
Springer Nature,Journal of Polymers and the Environment,Encapsulation of Plant Growth-Promoting Bacteria with Gum Arabic Hydrogels: A Potential System for Sustainable Agriculture,https://doi.org/10.1007/s10924-024-03339-w,gum arabic
Springer Nature,Journal of Polymers and the Environment,Improving Impact of Poly(Starch/Acrylic Acid) Superabsorbent Hydrogel on Growth and Biochemical Traits of Sunflower Under Drought Stress,https://doi.org/10.1007/s10924-021-02322-z,polyacrylic acid / polyacrylate; superabsorbent polymer (SAP); starch
Springer Nature,Journal of Polymers and the Environment,Superabsorbent Hydrogel Composite Based on Starch/Rice Husk Ash as a Soil Conditioner in Melon (Cucumis melo L.) Seedling Culture,https://doi.org/10.1007/s10924-019-01593-x,polyacrylic acid / polyacrylate; superabsorbent polymer (SAP); starch
Springer Nature,Journal of Polymers and the Environment,"Superabsorbent Polymer with Excellent Water/Salt Absorbency and Water Retention, and Fast Swelling Properties for Preventing Soil Water Evaporation",https://doi.org/10.1007/s10924-022-02543-w,polyacrylic acid / polyacrylate; hydroxyethyl cellulose; superabsorbent polymer (SAP); cellulose (generic)
Springer Nature,Journal of Polymers and the Environment,"Value Addition to Agro-Industrial Waste Through Pectin Extraction: Chemometric Categorization, Density Functional Theory Analysis, Rheology Investigation, Optimization Using Response Surface Methodology and Prospective Applications Through Hydrogel Preparation",https://doi.org/10.1007/s10924-023-03103-6,pectin; cellulose nanofiber
Springer Nature,Journal of soil science and plant nutrition,"Effects of Superabsorbent Hydrogel on Soil Porosity, Bulk Density, and Water Productivity of Tomato Grown Under Drought Stress in Clay Loam and Sandy Loam Soils",https://doi.org/10.1007/s42729-025-02542-5,polyacrylic acid / polyacrylate; polyacrylamide; superabsorbent polymer (SAP)
Springer Nature,Nature Communications,Rhizobacteria protective hydrogel to promote plant growth and adaption to acidic soil,https://doi.org/10.1038/s41467-025-56988-3,alginate; carboxymethyl chitosan; chitosan
Springer Nature,Plant and Soil,Hydrogel capsules as carriers for PGPB consortia enhance compost efficacy and nutrient uptake in Oat (Avena sativa) fertilization,https://doi.org/10.1007/s11104-025-07454-y,pectin
Springer Nature,Plant and Soil,"Surface tension, rheology and hydrophobicity of rhizodeposits and seed mucilage influence soil water retention and hysteresis",https://doi.org/10.1007/s11104-019-03939-9,polyethylene glycol / oxide
Springer Nature,Polymer Bulletin,Evaluation of the effects of a slow-release urea-incorporated fertilizer derived from PVA/HA/CA hydrogel on the growth of maize plants,https://doi.org/10.1007/s00289-026-06398-2,polyvinyl alcohol
Springer Nature,Polymer Bulletin,Preparation of pH/temperature-responsive semi-IPN hydrogels based on sodium alginate and humic acid as slow-release and water-retention fertilizers,https://doi.org/10.1007/s00289-023-04901-7,alginate; polyethylene glycol / oxide; poly(N-isopropylacrylamide)
Springer Nature,Polymer Bulletin,Starch/polyvinyl alcohol/encapsulated zeolite superabsorbent nanocomposite for urea slow-release fertilizer,https://doi.org/10.1007/s00289-026-06529-9,polyvinyl alcohol; superabsorbent polymer (SAP); starch
Springer Nature,Polymer Bulletin,Synthesis and application of zinc-loaded carboxymethyl tamarind kernel gum and xanthan gum-based superabsorbent hydrogels to investigate the effect on sesame plant growth,https://doi.org/10.1007/s00289-024-05150-y,xanthan gum; superabsorbent polymer (SAP)
Springer Nature,Polymer Bulletin,Synthesis and characterization of agarose-bacterial cellulose hydrogel for promoting seed germination by improving soil water retention,https://doi.org/10.1007/s00289-023-05102-y,bacterial cellulose; agarose; cellulose (generic)
Springer Nature,Polymer Bulletin,"Synthesis, characterization, and fertilizer release study of the salt and pH-sensitive NaAlg-g-poly(AA-co-AAm)/RHA superabsorbent nanocomposite",https://doi.org/10.1007/s00289-016-1899-5,alginate; polyacrylic acid / polyacrylate; superabsorbent polymer (SAP)
Springer Nature,Scientific Reports,A novel biochar-based composite hydrogel for removing heavy metals in water and alleviating cadmium stress in tobacco seedlings,https://doi.org/10.1038/s41598-023-41946-0,carboxymethyl cellulose; cellulose (generic)
Springer Nature,Scientific Reports,Biopolymer-based hydrogel formulations for improved seed coating performance,https://doi.org/10.1038/s41598-025-30594-1,carboxymethyl cellulose; superabsorbent polymer (SAP); starch; cellulose (generic)
Springer Nature,Scientific Reports,Cellulose based hydrogel as soil conditioner and seed germination medium,https://doi.org/10.1038/s41598-025-05920-2,alginate; carboxymethyl cellulose; polyethylene glycol / oxide; cellulose (generic)
Springer Nature,Scientific Reports,Copolymers enhance selective bacterial community colonization for potential root zone applications,https://doi.org/10.1038/s41598-017-16253-0,polyacrylic acid / polyacrylate
Springer Nature,Scientific Reports,Design and manufacturing of superabsorbent polymers (SAPs) for agriculture in arid areas,https://doi.org/10.1038/s41598-025-99666-6,polyacrylic acid / polyacrylate; superabsorbent polymer (SAP)
Springer Nature,Scientific Reports,Development of biodegradable hydrogels with adjustable moisture retention capacity for agricultural applications,https://doi.org/10.1038/s41598-026-44948-w,carboxymethyl cellulose; hydroxyethyl cellulose; cellulose (generic)
Springer Nature,Scientific Reports,"Improvement of tomato yield and quality using slow release NPK fertilizers prepared by carnauba wax emulsion, starch-based latex and hydrogel nanocomposite combination",https://doi.org/10.1038/s41598-023-38445-7,polyacrylic acid / polyacrylate; starch
Springer Nature,Scientific Reports,Synthesis and application of a multifunctional poly (vinyl pyrrolidone)-based superabsorbent hydrogel for controlled fertilizer release and enhanced water retention in drought-stressed Pisum sativum plants,https://doi.org/10.1038/s41598-024-76255-7,polyvinylpyrrolidone; superabsorbent polymer (SAP)
Springer Nature,World Journal of Microbiology and Biotechnology,Biodegradation of diclofenac and paracetamol using immobilized laccase on novel polyacrylamide alginate gel chips and chitosan beads for mitigation of micropollutants in hospital effluent,https://doi.org/10.1007/s11274-026-04815-2,alginate; chitosan; polyacrylamide
Taylor & Francis,Communications in Soil Science and Plant Analysis,"Effects of PGPR Bioinoculants, Hydrogel and Biochar on Growth and Physiology of Soybean under Drought Stress",https://doi.org/10.1080/00103624.2022.2028818,polyacrylic acid / polyacrylate
Taylor & Francis,Communications in Soil Science and Plant Analysis,Hydrogel Effects on Soil Nitrogen Transformations in pH-Contrasting Soils,https://doi.org/10.1080/00103624.2024.2378973,polyacrylic acid / polyacrylate; superabsorbent polymer (SAP); cellulose (generic)
Taylor & Francis,Compost Science & Utilization,Use of Sieved Compost Plus Hydrogel for Solid Matrix Priming of Carrot Seeds,https://doi.org/10.1080/1065657x.2012.10737015,polyethylene glycol / oxide
Taylor & Francis,Environmental Technology,Adsorption of ammonium and phosphate by feather protein based semi-interpenetrating polymer networks hydrogel as a controlled-release fertilizer,https://doi.org/10.1080/09593330.2013.831461,polyacrylic acid / polyacrylate; polyvinyl alcohol
Taylor & Francis,Frontiers in Life Science,“Intelligent” seed pellets may improve chilling tolerance in tobacco,https://doi.org/10.1080/21553769.2013.783511,poly(N-isopropylacrylamide)
Taylor & Francis,Natural Product Research,Synthesis of xylan and lignin based hydrogels and their use as growth media for rice ( Oryza sativa ),https://doi.org/10.1080/14786419.2024.2324463,polyvinyl alcohol
Wiley,Advanced Functional Materials,Alginate‐Sludge Derived Biochar‐Calcium Hydrogel for Phosphate Removal and Slow‐Release Fertilizer: A Sustainable and Multifunctional Solution,https://doi.org/10.1002/adfm.202510234,alginate
Wiley,Advanced Functional Materials,Ambient‐Dried MOF/Cellulose‐Based Aerogels for Atmospheric Water Harvesting and Sustainable Water Management in Agriculture,https://doi.org/10.1002/adfm.202506427,alginate; cellulose nanofiber; cellulose (generic)
Wiley,Advances in Polymer Technology,Gamma Irradiation Synthesis of Carboxymethyl Cellulose/Acrylic Acid/Clay Superabsorbent Hydrogel,https://doi.org/10.1002/adv.21690,carboxymethyl cellulose; polyacrylic acid / polyacrylate; superabsorbent polymer (SAP); cellulose (generic)
Wiley,Agronomy Journal,Germination and Emergence of Russian Wildrye Seeds Coated with Hydrophilic Materials1,https://doi.org/10.2134/agronj1980.00021962007200060033x,alginate; agar
Wiley,Agronomy Journal,Impact of guar gum‐based hydrogel on yield and economics for sugarcane crops,https://doi.org/10.1002/agj2.21400,guar gum
Wiley,ChemistrySelect,Activated Carbon Regulated Polyvinyl Alcohol Hydrogel for Soilless Culture,https://doi.org/10.1002/slct.202507212,polyvinyl alcohol
Wiley,ChemistrySelect,Humic Acid‐Functionalized Hydrogels: A Dual Platform for Controlled Release of Dinotefuran and Enhanced Water Retention,https://doi.org/10.1002/slct.202505903,polyacrylic acid / polyacrylate
Wiley,ChemistrySelect,"Novel Synthesis, and Application of Carboxymethylated Cassia fistula ‐Based Hydrogel for Extended‐Release of Dinotefuran",https://doi.org/10.1002/slct.202403421,polyacrylic acid / polyacrylate
Wiley,CLEAN - Soil Air Water,Amending Soils with Hydrogels Increases the Biomass of Nine Tree Species under Non‐water Stress Conditions,https://doi.org/10.1002/clen.200900128,polyacrylic acid / polyacrylate; superabsorbent polymer (SAP)
Wiley,CLEAN - Soil Air Water,Effects of Hydrogel Amendment to Different Soils on Plant Available Water and Survival of Trees under Drought Conditions,https://doi.org/10.1002/clen.200900245,polyacrylic acid / polyacrylate; superabsorbent polymer (SAP)
Wiley,Journal of Agronomy and Crop Science,What Is the Impact of Soil Amendment With Biochar‐Filled Hydrogel on the Molecular Characteristics of Wheat ( Triticum aestivum ) Seedlings in Drought Stress Conditions?,https://doi.org/10.1111/jac.70207,alginate
Wiley,Journal of Applied Polymer Science,Characterization and possible agricultural application of polyacrylamide/sodium alginate crosslinked hydrogels prepared by ionizing radiation,https://doi.org/10.1002/app.22487,alginate; polyacrylamide
Wiley,Journal of Applied Polymer Science,"Eco‐friendly superabsorbent hydrogels based on starch, gellan gum, citric acid, and nanoclays for soil humidity control",https://doi.org/10.1002/app.52998,gellan gum; superabsorbent polymer (SAP); starch
Wiley,Journal of Applied Polymer Science,Encapsulation of Rhodopseudomonas palustrisKTSSR54 using beads from alginate/starch blends,https://doi.org/10.1002/app.50084,alginate; gelatin; starch
Wiley,Journal of Applied Polymer Science,Hydrogels composite of poly(acrylamide‐co‐acrylate) and rice husk ash. I. Synthesis and characterization,https://doi.org/10.1002/app.34528,polyacrylic acid / polyacrylate; polyacrylamide; superabsorbent polymer (SAP)
Wiley,Journal of Applied Polymer Science,Pectin‐based polymer hydrogel as a carrier for release of agricultural nutrients and removal of heavy metals from wastewater,https://doi.org/10.1002/app.32123,pectin
Wiley,Journal of Applied Polymer Science,Physical properties and ion permeability of crosslinking hydrogel membrane based on poly(vinyl alcohol) for soilless cultivation,https://doi.org/10.1002/app.53311,polyacrylic acid / polyacrylate; polyvinyl alcohol
Wiley,Journal of Applied Polymer Science,pH‐sensitive crosslinked guar gum‐based superabsorbent hydrogels: Swelling response in simulated environments and water retention behavior in plant growth media,https://doi.org/10.1002/app.41060,polyacrylic acid / polyacrylate; guar gum; superabsorbent polymer (SAP)
Wiley,Journal of Applied Polymer Science,Radiation synthesis of hydrogels to enhance sandy soils water retention and increase plant performance,https://doi.org/10.1002/app.20571,polyacrylic acid / polyacrylate; polyvinyl alcohol; polyacrylamide; superabsorbent polymer (SAP)
Wiley,Journal of Applied Polymer Science,Synthesis of crosslinked superabsorbent carboxymethyl cellulose/acrylamide hydrogels through electron‐beam irradiation,https://doi.org/10.1002/app.25916,carboxymethyl cellulose; superabsorbent polymer (SAP); cellulose (generic)
Wiley,Journal of Sustainable Agriculture and Environment,Ecofriendly Plant Based Hydrogels Improve Drought Resilience and Promote Sustainable Crop Productivity in Rice Based Agroecosystems,https://doi.org/10.1002/sae2.70092,gum arabic; chitosan; cellulose (generic)
Wiley,Legume Science,"Exopolysaccharide‐Based Microencapsulation of Plant Growth‐Promoting Bacillus Strains Improves Germination, Growth, and Yield of Chilean Common Bean Cultivars",https://doi.org/10.1002/leg3.70083,alginate; chitosan
Wiley,Macromolecular Symposia,Preparation and Properties of Biodegradable Slow‐Release PAA Superabsorbent Matrixes for Phosphorus Fertilizers,https://doi.org/10.1002/masy.200950534,polyacrylic acid / polyacrylate; superabsorbent polymer (SAP)
Wiley,Modern Agriculture,Hydrogen in Agriculture: A Technological Revolution From Soil to Table,https://doi.org/10.1002/moda.70025,pectin; starch; cellulose (generic)
Wiley,Pest Management Science,Carboxymethyl chitosan hydrogel particles for Pretilachlor delivery: ensuring sustained release and environmental safety in rice weed control,https://doi.org/10.1002/ps.70537,carboxymethyl chitosan; chitosan
Wiley,Polymer Composites,Poly(acrylamide‐co‐vinyl alcohol)—Superabsorbent materials reinforced by modified clay,https://doi.org/10.1002/pc.22583,polyvinyl alcohol; polyacrylamide; superabsorbent polymer (SAP)
Wiley,Polymers for Advanced Technologies,Carboxymethyl Cellulose‐Based Composite Hydrogels for Sustainable Agriculture Under Drought Stress,https://doi.org/10.1002/pat.70046,carboxymethyl cellulose; polyacrylic acid / polyacrylate; cellulose (generic)
Wiley,Restoration Ecology,New medicine for soil restoration: biological soil crust capsules facilitate native plant and soil microbe establishment,https://doi.org/10.1111/rec.70365,pectin; cellulose (generic)
